{
  "1": 0.05952380952380951,
  "2": 0.049603174603174593,
  "3": 0.049603174603174593,
  "4": 0.049603174603174593,
  "5": 0.05952380952380951,
  "6": 0.049603174603174593,
  "7": 0.049603174603174593,
  "8": 0.049603174603174593,
  "9": 0.03968253968253967,
  "10": 0.03306878306878306,
  "11": 0.03306878306878306,
  "12": 0.03306878306878306,
  "13": 0.04365079365079364,
  "14": 0.036375661375661374,
  "15": 0.036375661375661374,
  "16": 0.036375661375661374,
  "17": 0.03174603174603174,
  "18": 0.02645502645502645,
  "19": 0.02645502645502645,
  "20": 0.02645502645502645,
  "21": 0.05158730158730158,
  "22": 0.04298941798941798,
  "23": 0.04298941798941798,
  "24": 0.04298941798941798
}